\rot{Item-KNN},\rot{P3alpha},\rot{SLIM-BPR},\rot{RP3beta},\rot{SLIM-ElasticNet},\rot{iALS},\rot{User-KNN},\rot{TopPop},\rot{MF-BPR},\rot{Mult-VAE},\rot{U-neural},\rot{GlobalEffects},\rot{CoClustering},\rot{Random}
1.0,1.0,1.0,1.0,1.0,1.0,1.0,1.0,1.0,4.0,6.0,2.0,1.0,9.0
12.0,19.0,14.0,18.0,17.0,20.0,18.0,19.0,19.0,24.0,19.0,19.0,22.0,24.0
2.278226857887875,4.195681511470985,4.62032967032967,5.922546419098143,6.675641025641026,6.980769230769231,7.617209908735332,10.156975228161668,11.009549071618038,11.95,12.064615384615385,13.049282920469361,14.732793522267206,15.878487614080834
59,57,56,58,36,56,59,59,58,16,5,59,57,59
